game_date,home_team,away_team,book,p_home_win,home_ml,away_ml,has_edge,bet_side,bet_edge_pct,bet_odds,kelly_pct,home_won,result_correct,pnl_per_unit
2025-05-22,ATL,IND,draftkings,0.4037,170.0,-205.0,True,ATL,4.85,170.0,1.32,0,0.0,-1.0
2025-05-24,ATL,DAL,draftkings,0.6523,-325.0,260.0,True,DAL,8.13,260.0,2.42,1,0.0,-1.0
2025-05-25,ATL,CON,draftkings,0.5194,-305.0,245.0,True,CON,20.26,245.0,6.72,1,0.0,-1.0
2025-06-10,ATL,IND,draftkings,0.5755,-218.0,180.0,True,IND,8.2,180.0,2.62,1,0.0,-1.0
2025-06-13,ATL,CHI,draftkings,0.8446,-900.0,600.0,False,,,,,1,,
2025-06-20,ATL,WAS,draftkings,0.8118,-425.0,330.0,True,ATL,3.5,-425.0,0.5,1,1.0,0.2353
2025-06-22,ATL,CHI,draftkings,0.8514,-1600.0,900.0,False,,,,,1,,
2025-06-27,ATL,MIN,draftkings,0.3302,145.0,-175.0,True,MIN,6.05,-175.0,2.3,0,1.0,0.5714
2025-06-29,ATL,NYL,draftkings,0.5341,-125.0,105.0,False,,,,,1,,
2025-07-03,ATL,SEA,draftkings,0.5509,-118.0,-102.0,True,ATL,3.35,-118.0,0.52,0,0.0,-1.0
2025-07-07,ATL,GSV,draftkings,0.5541,-310.0,250.0,True,GSV,17.17,250.0,5.61,1,0.0,-1.0
2025-07-29,ATL,GSV,draftkings,0.6527,-425.0,330.0,False,,,,,0,,
2025-08-01,ATL,PHX,draftkings,0.4039,145.0,-175.0,True,ATL,1.31,145.0,0.0,1,1.0,1.45
2025-08-03,ATL,WAS,draftkings,0.6114,-238.0,195.0,True,WAS,6.36,195.0,1.88,1,0.0,-1.0
2025-08-15,ATL,SEA,draftkings,0.6121,-122.0,102.0,True,ATL,8.6,-122.0,3.47,0,0.0,-1.0
2025-08-21,ATL,MIN,draftkings,0.3938,-115.0,-105.0,True,MIN,11.71,-105.0,4.82,1,0.0,-1.0
2025-08-23,ATL,NYL,draftkings,0.6122,-270.0,220.0,True,NYL,8.79,220.0,2.74,1,0.0,-1.0
2025-08-27,ATL,LVA,draftkings,0.4115,-155.0,130.0,True,LVA,17.15,130.0,6.8,0,1.0,1.3
2025-08-29,ATL,DAL,draftkings,0.8154,-1450.0,850.0,False,,,,,1,,
2025-09-03,ATL,LAS,draftkings,0.7247,-198.0,164.0,True,ATL,8.78,-198.0,4.49,1,1.0,0.5051
2025-09-05,ATL,LAS,draftkings,0.7289,-238.0,195.0,True,ATL,5.39,-238.0,2.09,1,1.0,0.4202
2025-09-08,ATL,CON,draftkings,0.9038,-1200.0,750.0,True,ATL,1.68,-1200.0,0.0,1,1.0,0.0833
2025-05-22,CHI,NYL,draftkings,0.1169,490.0,-675.0,True,NYL,4.6,-675.0,2.35,0,1.0,0.1481
2025-05-29,CHI,DAL,draftkings,0.2772,-108.0,-112.0,True,DAL,21.85,-112.0,10.31,1,0.0,-1.0
2025-06-07,CHI,IND,draftkings,0.3594,124.0,-148.0,True,IND,6.85,-148.0,2.72,0,1.0,0.6757
2025-06-17,CHI,WAS,draftkings,0.5212,160.0,-192.0,True,CHI,15.21,160.0,5.55,0,0.0,-1.0
2025-06-21,CHI,PHX,draftkings,0.2938,425.0,-575.0,False,,,,,0,,
2025-06-24,CHI,LAS,draftkings,0.632,180.0,-218.0,True,CHI,28.95,180.0,10.69,1,1.0,1.8
2025-07-09,CHI,DAL,draftkings,0.5995,-130.0,110.0,True,CHI,5.68,-130.0,1.97,1,1.0,0.7692
2025-07-12,CHI,MIN,draftkings,0.2458,470.0,-650.0,False,,,,,1,,
2025-07-14,CHI,MIN,draftkings,0.2523,425.0,-575.0,False,,,,,0,,
2025-07-16,CHI,ATL,draftkings,0.3168,340.0,-440.0,False,,,,,0,,
2025-07-24,CHI,SEA,draftkings,0.2789,425.0,-575.0,False,,,,,0,,
2025-07-27,CHI,IND,draftkings,0.2595,410.0,-550.0,False,,,,,0,,
2025-08-01,CHI,GSV,draftkings,0.2803,154.0,-185.0,True,GSV,9.72,-185.0,5.03,0,1.0,0.5405
2025-08-03,CHI,PHX,draftkings,0.2515,470.0,-650.0,False,,,,,0,,
2025-08-05,CHI,WAS,draftkings,0.2559,185.0,-225.0,True,WAS,8.04,-225.0,4.21,1,0.0,-1.0
2025-08-07,CHI,ATL,draftkings,0.2367,410.0,-550.0,False,,,,,0,,
2025-08-15,CHI,GSV,draftkings,0.2476,260.0,-325.0,True,GSV,1.89,-325.0,0.0,0,1.0,0.3077
2025-08-19,CHI,SEA,draftkings,0.2398,410.0,-550.0,False,,,,,0,,
2025-08-23,CHI,CON,draftkings,0.361,-148.0,124.0,True,CON,21.1,124.0,8.7,0,1.0,1.24
2025-08-25,CHI,LVA,draftkings,0.2341,410.0,-550.0,False,,,,,0,,
2025-09-03,CHI,CON,draftkings,0.4809,-130.0,110.0,True,CON,6.19,110.0,2.05,1,0.0,-1.0
2025-09-11,CHI,NYL,draftkings,0.2474,750.0,-1200.0,False,,,,,0,,
2025-05-18,CON,WAS,draftkings,0.7539,130.0,-155.0,True,CON,33.68,130.0,14.11,0,0.0,-1.0
2025-05-20,CON,LVA,draftkings,0.5142,675.0,-1050.0,False,,,,,0,,
2025-05-27,CON,DAL,draftkings,0.7345,164.0,-198.0,True,CON,37.14,164.0,14.32,0,0.0,-1.0
2025-06-06,CON,ATL,draftkings,0.2902,370.0,-485.0,False,,,,,1,,
2025-06-15,CON,CHI,draftkings,0.6161,-125.0,105.0,True,CON,8.36,-125.0,3.41,0,0.0,-1.0
2025-06-18,CON,PHX,draftkings,0.2891,700.0,-1100.0,False,,,,,0,,
2025-06-20,CON,DAL,draftkings,0.3287,160.0,-192.0,True,DAL,4.04,-192.0,1.0,0,1.0,0.5208
2025-07-06,CON,LVA,draftkings,0.282,1200.0,-2400.0,False,,,,,0,,
2025-07-09,CON,SEA,draftkings,0.2551,950.0,-1650.0,False,,,,,1,,
2025-07-15,CON,IND,draftkings,0.2617,675.0,-1050.0,False,,,,,0,,
2025-07-24,CON,LAS,draftkings,0.2856,205.0,-250.0,True,LAS,2.9,-250.0,0.5,0,1.0,0.4
2025-07-27,CON,GSV,draftkings,0.2865,170.0,-205.0,True,GSV,6.88,-205.0,3.15,1,0.0,-1.0
2025-07-28,CON,SEA,draftkings,0.3782,425.0,-575.0,False,,,,,0,,
2025-08-01,CON,NYL,draftkings,0.2814,470.0,-650.0,False,,,,,1,,
2025-08-03,CON,NYL,draftkings,0.2985,470.0,-650.0,False,,,,,0,,
2025-08-13,CON,CHI,draftkings,0.6556,-170.0,142.0,True,CON,5.18,-170.0,1.75,1,1.0,0.5882
2025-08-17,CON,IND,draftkings,0.3868,220.0,-270.0,True,CON,8.69,220.0,2.7,0,0.0,-1.0
2025-08-21,CON,WAS,draftkings,0.3927,124.0,-148.0,True,WAS,3.53,-148.0,0.65,1,0.0,-1.0
2025-08-30,CON,MIN,draftkings,0.2763,575.0,-850.0,False,,,,,0,,
2025-09-01,CON,ATL,draftkings,0.263,440.0,-600.0,False,,,,,0,,
2025-09-06,CON,PHX,draftkings,0.2706,440.0,-600.0,False,,,,,1,,
2025-09-10,CON,ATL,draftkings,0.1426,575.0,-850.0,False,,,,,0,,
2025-05-16,DAL,MIN,draftkings,0.2814,180.0,-218.0,True,MIN,6.11,-218.0,2.63,0,1.0,0.4587
2025-05-19,DAL,SEA,draftkings,0.2783,130.0,-155.0,True,SEA,13.87,-155.0,7.26,0,1.0,0.6452
2025-05-31,DAL,CHI,draftkings,0.6044,-142.0,120.0,True,DAL,4.09,-142.0,1.07,0,0.0,-1.0
2025-06-06,DAL,LAS,draftkings,0.5736,130.0,-155.0,True,DAL,15.66,130.0,6.14,0,0.0,-1.0
2025-06-08,DAL,MIN,draftkings,0.2419,550.0,-800.0,False,,,,,0,,
2025-06-17,DAL,GSV,draftkings,0.4899,-148.0,124.0,True,GSV,8.22,124.0,2.88,1,0.0,-1.0
2025-06-24,DAL,ATL,draftkings,0.2487,285.0,-360.0,False,,,,,1,,
2025-06-27,DAL,IND,draftkings,0.3845,110.0,-130.0,True,IND,7.27,-130.0,2.89,0,1.0,0.7692
2025-06-28,DAL,WAS,draftkings,0.3761,275.0,-345.0,True,DAL,12.02,275.0,3.73,1,1.0,2.75
2025-07-03,DAL,PHX,draftkings,0.2743,455.0,-625.0,False,,,,,1,,
2025-07-16,DAL,LVA,draftkings,0.2738,205.0,-250.0,True,LVA,4.08,-250.0,1.04,0,1.0,0.4
2025-07-27,DAL,LVA,draftkings,0.3624,260.0,-325.0,True,DAL,9.6,260.0,2.93,0,0.0,-1.0
2025-07-28,DAL,NYL,draftkings,0.236,285.0,-360.0,True,NYL,1.32,-360.0,0.0,1,0.0,-1.0
2025-07-30,DAL,ATL,draftkings,0.282,124.0,-148.0,True,ATL,14.6,-148.0,7.52,0,1.0,0.6757
2025-08-01,DAL,IND,draftkings,0.2729,150.0,-180.0,True,IND,11.07,-180.0,5.9,0,1.0,0.5556
2025-08-08,DAL,NYL,draftkings,0.2512,455.0,-625.0,False,,,,,0,,
2025-08-10,DAL,WAS,draftkings,0.3922,-185.0,154.0,True,WAS,23.03,154.0,8.83,0,1.0,1.54
2025-08-15,DAL,LAS,draftkings,0.3029,190.0,-230.0,True,LAS,2.8,-230.0,0.5,0,1.0,0.4348
2025-08-22,DAL,SEA,draftkings,0.2758,310.0,-395.0,False,,,,,0,,
2025-08-24,DAL,GSV,draftkings,0.3573,100.0,-120.0,True,GSV,12.1,-120.0,5.35,0,1.0,0.8333
2025-08-27,DAL,CON,draftkings,0.2747,-115.0,-105.0,True,CON,23.61,-105.0,10.92,0,1.0,0.9524
2025-09-11,DAL,PHX,draftkings,0.2351,190.0,-230.0,True,PHX,9.59,-230.0,5.6,1,0.0,-1.0
2025-05-16,GSV,LAS,draftkings,0.4058,200.0,-245.0,True,GSV,8.64,200.0,2.72,0,0.0,-1.0
2025-05-21,GSV,WAS,draftkings,0.304,170.0,-205.0,True,WAS,5.12,-205.0,1.82,1,0.0,-1.0
2025-06-01,GSV,MIN,draftkings,0.2495,600.0,-900.0,False,,,,,0,,
2025-06-07,GSV,LVA,draftkings,0.2559,575.0,-850.0,False,,,,,1,,
2025-06-14,GSV,SEA,draftkings,0.29,370.0,-485.0,False,,,,,1,,
2025-06-19,GSV,IND,draftkings,0.3843,455.0,-625.0,False,,,,,1,,
2025-06-22,GSV,CON,draftkings,0.6487,-485.0,370.0,False,,,,,1,,
2025-06-25,GSV,NYL,draftkings,0.2989,340.0,-440.0,False,,,,,0,,
2025-06-27,GSV,CHI,draftkings,0.5634,-425.0,330.0,False,,,,,1,,
2025-06-29,GSV,SEA,draftkings,0.29,170.0,-205.0,True,SEA,6.52,-205.0,2.89,1,0.0,-1.0
2025-07-14,GSV,PHX,draftkings,0.3191,-135.0,114.0,True,PHX,23.23,114.0,10.02,0,1.0,1.14
2025-07-25,GSV,DAL,draftkings,0.5622,-166.0,140.0,True,DAL,3.74,140.0,0.91,1,0.0,-1.0
2025-08-06,GSV,LVA,draftkings,0.4977,180.0,-218.0,True,GSV,15.52,180.0,5.47,0,0.0,-1.0
2025-08-09,GSV,LAS,draftkings,0.3879,164.0,-198.0,True,GSV,2.48,164.0,0.5,1,1.0,1.64
2025-08-11,GSV,CON,draftkings,0.5476,-375.0,295.0,True,CON,20.96,295.0,6.67,1,0.0,-1.0
2025-08-17,GSV,ATL,draftkings,0.4067,150.0,-180.0,True,GSV,2.32,150.0,0.5,0,0.0,-1.0
2025-08-19,GSV,PHX,draftkings,0.4233,250.0,-310.0,True,GSV,14.9,250.0,4.82,0,0.0,-1.0
2025-08-30,GSV,WAS,draftkings,0.6559,-180.0,150.0,True,GSV,3.95,-180.0,0.91,1,1.0,0.5556
2025-08-31,GSV,IND,draftkings,0.6301,120.0,-142.0,True,GSV,19.36,120.0,8.05,1,1.0,1.2
2025-09-02,GSV,NYL,draftkings,0.5638,180.0,-218.0,True,GSV,22.13,180.0,8.04,1,1.0,1.8
2025-09-04,GSV,DAL,draftkings,0.6949,-600.0,440.0,False,,,,,1,,
2025-09-06,GSV,MIN,draftkings,0.317,215.0,-265.0,True,GSV,1.28,215.0,0.0,0,0.0,-1.0
2025-05-17,IND,CHI,draftkings,0.7101,-395.0,310.0,False,,,,,1,,
2025-05-20,IND,ATL,draftkings,0.642,-325.0,260.0,True,ATL,9.15,260.0,2.78,0,1.0,2.6
2025-05-24,IND,NYL,draftkings,0.2884,154.0,-185.0,True,NYL,8.91,-185.0,4.45,0,1.0,0.5405
2025-05-30,IND,CON,draftkings,0.6502,-750.0,525.0,False,,,,,0,,
2025-06-03,IND,WAS,draftkings,0.6618,-205.0,170.0,True,IND,1.71,-205.0,0.0,1,1.0,0.4878
2025-06-14,IND,NYL,draftkings,0.2839,150.0,-180.0,True,NYL,9.96,-180.0,5.13,1,0.0,-1.0
2025-06-17,IND,CON,draftkings,0.7956,-1800.0,1000.0,False,,,,,1,,
2025-06-26,IND,LAS,draftkings,0.81,-250.0,205.0,True,IND,12.46,-250.0,8.38,0,0.0,-1.0
2025-07-03,IND,LVA,draftkings,0.5316,164.0,-198.0,True,IND,16.85,164.0,6.15,1,1.0,1.64
2025-07-05,IND,LAS,draftkings,0.8051,-245.0,200.0,True,IND,12.46,-245.0,8.19,0,0.0,-1.0
2025-07-09,IND,GSV,draftkings,0.6011,-340.0,270.0,True,GSV,13.98,270.0,4.41,0,1.0,2.7
2025-07-11,IND,ATL,draftkings,0.3962,-120.0,100.0,False,,,,,1,,
2025-07-13,IND,DAL,draftkings,0.6715,-500.0,380.0,False,,,,,1,,
2025-07-24,IND,LVA,draftkings,0.4166,120.0,-142.0,True,LVA,1.99,-142.0,0.0,1,0.0,-1.0
2025-07-30,IND,PHX,draftkings,0.5381,140.0,-166.0,True,IND,13.78,140.0,5.2,1,1.0,1.4
2025-08-09,IND,CHI,draftkings,0.7656,-575.0,425.0,False,,,,,1,,
2025-08-12,IND,DAL,draftkings,0.6579,-455.0,350.0,False,,,,,0,,
2025-08-15,IND,WAS,draftkings,0.5443,-380.0,300.0,True,WAS,21.57,300.0,6.86,0,1.0,3.0
2025-08-22,IND,MIN,draftkings,0.3055,180.0,-218.0,True,MIN,3.71,-218.0,0.71,0,1.0,0.4587
2025-08-26,IND,SEA,draftkings,0.3635,160.0,-192.0,False,,,,,1,,
2025-09-05,IND,CHI,draftkings,0.6125,-700.0,500.0,False,,,,,1,,
2025-09-09,IND,MIN,draftkings,0.384,105.0,-125.0,True,MIN,8.36,-125.0,3.4,1,0.0,-1.0
2025-05-18,LAS,MIN,draftkings,0.2903,225.0,-278.0,False,,,,,0,,
2025-05-23,LAS,GSV,draftkings,0.6516,-550.0,410.0,False,,,,,0,,
2025-05-25,LAS,CHI,draftkings,0.6346,-180.0,150.0,True,LAS,1.82,-180.0,0.0,1,1.0,0.5556
2025-05-27,LAS,ATL,draftkings,0.3827,-135.0,114.0,True,ATL,16.87,114.0,7.04,0,1.0,1.14
2025-06-01,LAS,PHX,draftkings,0.3066,-192.0,160.0,True,PHX,32.43,160.0,12.54,0,1.0,1.6
2025-06-09,LAS,GSV,draftkings,0.6011,-290.0,235.0,True,GSV,11.25,235.0,3.58,0,1.0,2.35
2025-06-17,LAS,SEA,draftkings,0.2712,330.0,-425.0,False,,,,,0,,
2025-06-29,LAS,CHI,draftkings,0.5193,-360.0,285.0,True,CHI,23.15,285.0,7.46,0,1.0,2.85
2025-07-10,LAS,MIN,draftkings,0.232,270.0,-340.0,True,MIN,2.71,-340.0,0.0,0,1.0,0.2941
2025-07-13,LAS,CON,draftkings,0.6297,-575.0,425.0,False,,,,,1,,
2025-07-15,LAS,WAS,draftkings,0.3749,-118.0,-102.0,True,WAS,14.25,-102.0,6.07,1,0.0,-1.0
2025-07-29,LAS,LVA,draftkings,0.5061,100.0,-120.0,False,,,,,0,,
2025-08-05,LAS,IND,draftkings,0.3081,110.0,-130.0,True,IND,14.91,-130.0,7.28,1,0.0,-1.0
2025-08-07,LAS,CON,draftkings,0.6535,-550.0,410.0,False,,,,,1,,
2025-08-10,LAS,SEA,draftkings,0.3987,164.0,-198.0,True,LAS,3.56,164.0,0.8,1,1.0,1.64
2025-08-12,LAS,NYL,draftkings,0.3173,140.0,-166.0,True,NYL,8.31,-166.0,3.9,0,1.0,0.6024
2025-08-20,LAS,DAL,draftkings,0.6088,-380.0,300.0,True,DAL,15.12,300.0,4.71,1,0.0,-1.0
2025-08-26,LAS,PHX,draftkings,0.326,136.0,-162.0,True,PHX,8.07,-162.0,3.65,0,1.0,0.6173
2025-08-29,LAS,IND,draftkings,0.4025,-135.0,114.0,True,IND,14.89,114.0,6.11,0,1.0,1.14
2025-08-31,LAS,WAS,draftkings,0.6467,-920.0,550.0,False,,,,,1,,
2025-09-07,LAS,DAL,draftkings,0.6477,-440.0,340.0,False,,,,,1,,
2025-09-11,LAS,LVA,draftkings,0.2554,360.0,-470.0,False,,,,,0,,
2025-05-23,LVA,WAS,draftkings,0.7984,-1350.0,800.0,False,,,,,1,,
2025-05-30,LVA,LAS,draftkings,0.7302,-535.0,400.0,False,,,,,1,,
2025-06-11,LVA,LAS,draftkings,0.6759,-470.0,360.0,False,,,,,0,,
2025-06-13,LVA,DAL,draftkings,0.6948,-238.0,195.0,True,LVA,1.98,-238.0,0.0,1,1.0,0.4202
2025-06-15,LVA,PHX,draftkings,0.5543,154.0,-185.0,True,LVA,17.67,154.0,6.62,0,0.0,-1.0
2025-06-20,LVA,SEA,draftkings,0.395,-142.0,120.0,True,SEA,16.85,120.0,6.9,0,1.0,1.2
2025-06-22,LVA,IND,draftkings,0.5285,-112.0,-108.0,True,LVA,2.41,-112.0,0.5,1,1.0,0.8929
2025-06-25,LVA,CON,draftkings,0.6971,-2800.0,1300.0,False,,,,,1,,
2025-06-26,LVA,WAS,draftkings,0.672,-455.0,350.0,False,,,,,0,,
2025-07-12,LVA,GSV,draftkings,0.5469,-180.0,150.0,True,GSV,6.95,150.0,2.21,1,0.0,-1.0
2025-07-22,LVA,ATL,draftkings,0.5364,-142.0,120.0,True,ATL,2.71,120.0,0.5,1,0.0,-1.0
2025-08-02,LVA,MIN,draftkings,0.3158,170.0,-205.0,True,MIN,3.94,-205.0,0.92,0,1.0,0.4878
2025-08-03,LVA,GSV,draftkings,0.6466,-395.0,310.0,False,,,,,1,,
2025-08-08,LVA,SEA,draftkings,0.5328,-122.0,102.0,False,,,,,1,,
2025-08-10,LVA,CON,draftkings,0.8163,-700.0,500.0,False,,,,,1,,
2025-08-13,LVA,NYL,draftkings,0.5151,-148.0,124.0,True,NYL,5.7,124.0,1.74,1,0.0,-1.0
2025-08-17,LVA,DAL,draftkings,0.686,-575.0,425.0,False,,,,,1,,
2025-08-19,LVA,ATL,draftkings,0.5485,-135.0,114.0,False,,,,,1,,
2025-08-21,LVA,PHX,draftkings,0.5614,-122.0,102.0,True,LVA,3.53,-122.0,0.66,1,1.0,0.8197
2025-09-04,LVA,MIN,draftkings,0.4256,105.0,-125.0,True,MIN,4.19,-125.0,1.06,1,0.0,-1.0
2025-09-07,LVA,CHI,draftkings,0.8704,-2100.0,1100.0,False,,,,,1,,
2025-09-09,LVA,CHI,draftkings,0.873,-1800.0,1000.0,False,,,,,1,,
2025-05-21,MIN,DAL,draftkings,0.8489,-625.0,455.0,True,MIN,2.17,-625.0,0.0,1,1.0,0.16
2025-05-23,MIN,CON,draftkings,0.6627,-1600.0,900.0,False,,,,,1,,
2025-05-27,MIN,SEA,draftkings,0.4218,-310.0,250.0,True,SEA,30.4,250.0,10.24,1,0.0,-1.0
2025-06-03,MIN,PHX,draftkings,0.6769,-900.0,600.0,False,,,,,1,,
2025-06-14,MIN,LAS,draftkings,0.703,-625.0,455.0,False,,,,,1,,
2025-06-17,MIN,LVA,draftkings,0.8535,-900.0,600.0,False,,,,,1,,
2025-06-21,MIN,LAS,draftkings,0.9131,-360.0,285.0,True,MIN,16.22,-360.0,15.01,1,1.0,0.2778
2025-06-29,MIN,CON,draftkings,0.9086,-2400.0,1200.0,False,,,,,1,,
2025-07-03,MIN,WAS,draftkings,0.8767,-750.0,525.0,True,MIN,3.02,-750.0,0.0,1,1.0,0.1333
2025-07-05,MIN,GSV,draftkings,0.7622,-485.0,370.0,False,,,,,1,,
2025-07-06,MIN,CHI,draftkings,0.874,-1050.0,675.0,False,,,,,1,,
2025-07-16,MIN,PHX,draftkings,0.6737,-520.0,390.0,False,,,,,1,,
2025-07-22,MIN,CHI,draftkings,0.9637,-1200.0,750.0,True,MIN,7.67,-1200.0,13.2,1,1.0,0.0833
2025-07-25,MIN,LVA,draftkings,0.8518,-470.0,360.0,True,MIN,6.05,-470.0,3.88,1,1.0,0.2128
2025-07-27,MIN,ATL,draftkings,0.7383,-345.0,275.0,False,,,,,0,,
2025-07-30,MIN,NYL,draftkings,0.6593,-305.0,245.0,True,NYL,6.28,245.0,1.79,1,0.0,-1.0
2025-08-08,MIN,WAS,draftkings,0.8635,-575.0,425.0,True,MIN,4.63,-575.0,1.97,1,1.0,0.1739
2025-08-16,MIN,NYL,draftkings,0.7418,-115.0,-105.0,True,MIN,23.1,-115.0,11.12,1,1.0,0.8696
2025-08-24,MIN,IND,draftkings,0.6603,-750.0,525.0,False,,,,,1,,
2025-08-28,MIN,SEA,draftkings,0.6523,-380.0,300.0,True,SEA,10.77,300.0,3.26,0,1.0,3.0
2025-09-01,MIN,DAL,draftkings,0.8609,-2100.0,1100.0,False,,,,,1,,
2025-09-11,MIN,GSV,draftkings,0.6428,-305.0,245.0,True,GSV,7.93,245.0,2.37,1,0.0,-1.0
2025-05-17,NYL,LVA,draftkings,0.5672,-166.0,140.0,True,LVA,3.25,140.0,0.69,1,0.0,-1.0
2025-05-27,NYL,GSV,draftkings,0.9258,-1800.0,1000.0,True,NYL,1.33,-1800.0,0.0,1,1.0,0.0556
2025-05-29,NYL,GSV,draftkings,0.9699,-1100.0,700.0,True,NYL,8.99,-1100.0,15.97,1,1.0,0.0909
2025-06-01,NYL,CON,draftkings,0.9082,-2100.0,1100.0,False,,,,,1,,
2025-06-10,NYL,CHI,draftkings,0.9252,-2100.0,1100.0,False,,,,,1,,
2025-06-17,NYL,ATL,draftkings,0.6743,-375.0,295.0,True,ATL,8.29,295.0,2.43,1,0.0,-1.0
2025-06-19,NYL,PHX,draftkings,0.8526,-675.0,490.0,True,NYL,1.55,-675.0,0.0,0,0.0,-1.0
2025-07-03,NYL,LAS,draftkings,0.737,-550.0,410.0,False,,,,,1,,
2025-07-06,NYL,SEA,draftkings,0.5379,-218.0,180.0,True,SEA,11.95,180.0,4.08,0,1.0,1.8
2025-07-08,NYL,LVA,draftkings,0.6288,-185.0,154.0,False,,,,,1,,
2025-07-13,NYL,ATL,draftkings,0.4437,-238.0,195.0,True,ATL,23.13,195.0,8.22,1,0.0,-1.0
2025-07-16,NYL,IND,draftkings,0.4294,-455.0,350.0,False,,,,,1,,
2025-07-22,NYL,IND,draftkings,0.655,-520.0,390.0,False,,,,,1,,
2025-07-25,NYL,PHX,draftkings,0.6478,-270.0,220.0,True,PHX,5.24,220.0,1.44,1,0.0,-1.0
2025-07-26,NYL,LAS,draftkings,0.6904,-675.0,490.0,False,,,,,0,,
2025-08-05,NYL,DAL,draftkings,0.6861,-550.0,410.0,False,,,,,1,,
2025-08-10,NYL,MIN,draftkings,0.4018,-175.0,145.0,True,MIN,20.74,145.0,8.03,0,1.0,1.45
2025-08-19,NYL,MIN,draftkings,0.2898,-148.0,124.0,True,MIN,28.22,124.0,11.91,1,0.0,-1.0
2025-08-21,NYL,CHI,draftkings,0.8114,-1350.0,800.0,False,,,,,0,,
2025-08-25,NYL,CON,draftkings,0.6229,-900.0,600.0,False,,,,,1,,
2025-08-28,NYL,WAS,draftkings,0.6681,-360.0,285.0,True,WAS,8.28,285.0,2.44,1,0.0,-1.0
2025-09-09,NYL,WAS,draftkings,0.7371,-1350.0,800.0,False,,,,,1,,
2025-05-17,PHX,SEA,draftkings,0.2127,220.0,-270.0,True,SEA,8.71,-270.0,5.33,1,0.0,-1.0
2025-05-21,PHX,LAS,draftkings,0.4169,-205.0,170.0,True,LAS,22.78,170.0,8.45,1,0.0,-1.0
2025-05-25,PHX,WAS,draftkings,0.3757,-238.0,195.0,True,WAS,29.94,195.0,10.79,1,0.0,-1.0
2025-05-27,PHX,CHI,draftkings,0.6347,-310.0,250.0,True,CHI,9.11,250.0,2.79,1,0.0,-1.0
2025-05-30,PHX,MIN,draftkings,0.2628,180.0,-218.0,True,MIN,7.97,-218.0,4.11,0,1.0,0.4587
2025-06-05,PHX,GSV,draftkings,0.6315,-258.0,210.0,True,GSV,5.93,210.0,1.69,1,0.0,-1.0
2025-06-07,PHX,SEA,draftkings,0.2993,195.0,-238.0,True,SEA,2.57,-238.0,0.0,0,1.0,0.4202
2025-06-11,PHX,DAL,draftkings,0.6058,-278.0,225.0,True,DAL,9.92,225.0,3.12,1,0.0,-1.0
2025-06-27,PHX,NYL,draftkings,0.41,-130.0,110.0,True,NYL,13.27,110.0,5.43,1,0.0,-1.0
2025-06-29,PHX,LVA,draftkings,0.6578,-218.0,180.0,False,,,,,0,,
2025-07-07,PHX,DAL,draftkings,0.6812,-238.0,195.0,False,,,,,1,,
2025-07-09,PHX,MIN,draftkings,0.298,235.0,-290.0,True,PHX,1.15,235.0,0.0,1,1.0,2.35
2025-07-23,PHX,ATL,draftkings,0.6248,-310.0,250.0,True,ATL,10.09,250.0,3.13,0,1.0,2.5
2025-08-05,PHX,CON,draftkings,0.6535,-1050.0,675.0,False,,,,,1,,
2025-08-07,PHX,IND,draftkings,0.5099,-185.0,154.0,True,IND,11.26,154.0,3.97,1,0.0,-1.0
2025-08-10,PHX,ATL,draftkings,0.5208,-170.0,142.0,True,ATL,8.29,142.0,2.81,0,1.0,1.42
2025-08-15,PHX,LVA,draftkings,0.552,-192.0,160.0,True,LVA,7.89,160.0,2.58,0,1.0,1.6
2025-08-22,PHX,GSV,draftkings,0.6121,-310.0,250.0,True,GSV,11.36,250.0,3.58,1,0.0,-1.0
2025-08-28,PHX,CHI,draftkings,0.8421,-750.0,525.0,False,,,,,1,,
2025-08-30,PHX,NYL,draftkings,0.5949,-118.0,-102.0,True,PHX,7.76,-118.0,2.92,1,1.0,0.8475
2025-09-02,PHX,IND,draftkings,0.6719,-325.0,260.0,True,IND,6.16,260.0,1.74,1,0.0,-1.0
2025-09-09,PHX,LAS,draftkings,0.6552,-265.0,215.0,True,LAS,4.06,215.0,1.0,0,1.0,2.15
2025-05-23,SEA,PHX,draftkings,0.5569,-258.0,210.0,True,PHX,13.39,210.0,4.45,1,0.0,-1.0
2025-05-25,SEA,LVA,draftkings,0.3946,185.0,-225.0,True,SEA,5.82,185.0,1.68,1,1.0,1.85
2025-05-30,SEA,ATL,draftkings,0.4196,-198.0,164.0,True,ATL,21.73,164.0,8.11,0,1.0,1.64
2025-06-01,SEA,LVA,draftkings,0.394,136.0,-162.0,True,LVA,1.27,-162.0,0.0,0,1.0,0.6173
2025-06-03,SEA,DAL,draftkings,0.6384,-520.0,390.0,False,,,,,1,,
2025-06-11,SEA,MIN,draftkings,0.3768,145.0,-175.0,True,MIN,1.4,-175.0,0.0,1,0.0,-1.0
2025-06-22,SEA,NYL,draftkings,0.5335,-180.0,150.0,True,NYL,8.29,150.0,2.77,1,0.0,-1.0
2025-06-24,SEA,IND,draftkings,0.6534,-166.0,140.0,True,SEA,5.37,-166.0,1.95,0,0.0,-1.0
2025-06-27,SEA,CON,draftkings,0.8463,-2100.0,1100.0,False,,,,,1,,
2025-07-11,SEA,CON,draftkings,0.8015,-1800.0,1000.0,False,,,,,1,,
2025-07-13,SEA,WAS,draftkings,0.6658,-298.0,240.0,True,WAS,5.22,240.0,1.42,0,1.0,2.4
2025-07-16,SEA,GSV,draftkings,0.5916,-258.0,210.0,True,GSV,9.92,210.0,3.17,1,0.0,-1.0
2025-07-22,SEA,DAL,draftkings,0.6606,-285.0,230.0,True,DAL,4.9,230.0,1.3,0,1.0,2.3
2025-08-01,SEA,LAS,draftkings,0.6391,-198.0,164.0,False,,,,,0,,
2025-08-03,SEA,IND,draftkings,0.5361,-142.0,120.0,True,IND,2.74,120.0,0.5,0,1.0,1.2
2025-08-05,SEA,MIN,draftkings,0.272,-135.0,114.0,True,MIN,27.94,114.0,12.24,0,1.0,1.14
2025-08-13,SEA,ATL,draftkings,0.3074,-155.0,130.0,True,ATL,27.56,130.0,11.4,0,1.0,1.3
2025-08-17,SEA,PHX,draftkings,0.412,-135.0,114.0,True,PHX,13.94,114.0,5.66,0,1.0,1.14
2025-08-30,SEA,CHI,draftkings,0.7216,-650.0,470.0,False,,,,,1,,
2025-09-01,SEA,LAS,draftkings,0.6654,-325.0,260.0,True,LAS,6.81,260.0,1.97,0,1.0,2.6
2025-09-05,SEA,NYL,draftkings,0.5985,-122.0,102.0,True,SEA,7.24,-122.0,2.72,0,0.0,-1.0
2025-09-09,SEA,GSV,draftkings,0.5382,-290.0,235.0,True,GSV,17.54,235.0,5.82,1,0.0,-1.0
2025-05-16,WAS,ATL,draftkings,0.5557,250.0,-310.0,True,WAS,28.15,250.0,9.45,1,1.0,2.5
2025-05-28,WAS,IND,draftkings,0.3249,154.0,-185.0,True,IND,5.26,-185.0,1.85,1,0.0,-1.0
2025-05-30,WAS,NYL,draftkings,0.2532,330.0,-425.0,False,,,,,0,,
2025-06-05,WAS,NYL,draftkings,0.2374,600.0,-900.0,False,,,,,0,,
2025-06-08,WAS,CON,draftkings,0.5393,-340.0,270.0,True,CON,20.16,270.0,6.52,1,0.0,-1.0
2025-06-15,WAS,ATL,draftkings,0.297,160.0,-192.0,True,ATL,7.21,-192.0,3.32,0,1.0,0.5208
2025-06-22,WAS,DAL,draftkings,0.5381,-205.0,170.0,True,DAL,10.66,170.0,3.63,1,0.0,-1.0
2025-06-24,WAS,MIN,draftkings,0.2628,285.0,-360.0,True,WAS,1.36,285.0,0.5,1,1.0,2.85
2025-07-08,WAS,CHI,draftkings,0.617,-290.0,235.0,True,CHI,9.65,235.0,3.01,1,0.0,-1.0
2025-07-10,WAS,LVA,draftkings,0.526,-166.0,140.0,True,LVA,7.37,140.0,2.46,1,0.0,-1.0
2025-07-22,WAS,LAS,draftkings,0.418,-155.0,130.0,True,LAS,16.5,130.0,6.51,0,1.0,1.3
2025-07-26,WAS,SEA,draftkings,0.3819,154.0,-185.0,False,,,,,1,,
2025-07-27,WAS,PHX,draftkings,0.3864,260.0,-325.0,True,WAS,11.99,260.0,3.76,0,0.0,-1.0
2025-07-29,WAS,CHI,draftkings,0.7271,-310.0,250.0,False,,,,,1,,
2025-07-31,WAS,GSV,draftkings,0.6389,-205.0,170.0,False,,,,,0,,
2025-08-13,WAS,GSV,draftkings,0.5081,100.0,-120.0,False,,,,,0,,
2025-08-17,WAS,LAS,draftkings,0.3235,136.0,-162.0,True,LAS,8.32,-162.0,3.81,1,0.0,-1.0
2025-08-19,WAS,CON,draftkings,0.5351,-258.0,210.0,True,CON,15.57,210.0,5.25,0,1.0,2.1
2025-08-23,WAS,LVA,draftkings,0.2661,260.0,-325.0,False,,,,,0,,
2025-08-24,WAS,SEA,draftkings,0.2693,330.0,-425.0,False,,,,,0,,
2025-09-04,WAS,PHX,draftkings,0.2623,350.0,-455.0,False,,,,,0,,
2025-09-07,WAS,IND,draftkings,0.265,205.0,-250.0,True,IND,4.96,-250.0,1.81,0,1.0,0.4
